<?xml version="1.0"?>
<link_info>
   <banner>MSP430 Linker Unix v4.4.6</banner>
   <copyright>Copyright (c) 2003-2015 Texas Instruments Incorporated</copyright>
   <link_time>0x58bd9f2f</link_time>
   <link_errors>0x1</link_errors>
   <output_file>lab3_completeAssemblyCode.out</output_file>
   <input_file_list>
      <input_file id="fl-2">
         <path>./</path>
         <kind>object</kind>
         <file>lab3.obj</file>
         <name>lab3.obj</name>
      </input_file>
      <input_file id="fl-31">
         <path>/Applications/ti/ccsv6/tools/compiler/ti-cgt-msp430_4.4.6/lib/</path>
         <kind>archive</kind>
         <file>rts430x.lib</file>
         <name>int00.obj</name>
      </input_file>
      <input_file id="fl-32">
         <path>/Applications/ti/ccsv6/tools/compiler/ti-cgt-msp430_4.4.6/lib/</path>
         <kind>archive</kind>
         <file>rts430x.lib</file>
         <name>int01.obj</name>
      </input_file>
      <input_file id="fl-33">
         <path>/Applications/ti/ccsv6/tools/compiler/ti-cgt-msp430_4.4.6/lib/</path>
         <kind>archive</kind>
         <file>rts430x.lib</file>
         <name>int02.obj</name>
      </input_file>
      <input_file id="fl-34">
         <path>/Applications/ti/ccsv6/tools/compiler/ti-cgt-msp430_4.4.6/lib/</path>
         <kind>archive</kind>
         <file>rts430x.lib</file>
         <name>int03.obj</name>
      </input_file>
      <input_file id="fl-35">
         <path>/Applications/ti/ccsv6/tools/compiler/ti-cgt-msp430_4.4.6/lib/</path>
         <kind>archive</kind>
         <file>rts430x.lib</file>
         <name>int04.obj</name>
      </input_file>
      <input_file id="fl-36">
         <path>/Applications/ti/ccsv6/tools/compiler/ti-cgt-msp430_4.4.6/lib/</path>
         <kind>archive</kind>
         <file>rts430x.lib</file>
         <name>int05.obj</name>
      </input_file>
      <input_file id="fl-37">
         <path>/Applications/ti/ccsv6/tools/compiler/ti-cgt-msp430_4.4.6/lib/</path>
         <kind>archive</kind>
         <file>rts430x.lib</file>
         <name>int06.obj</name>
      </input_file>
      <input_file id="fl-38">
         <path>/Applications/ti/ccsv6/tools/compiler/ti-cgt-msp430_4.4.6/lib/</path>
         <kind>archive</kind>
         <file>rts430x.lib</file>
         <name>int07.obj</name>
      </input_file>
      <input_file id="fl-39">
         <path>/Applications/ti/ccsv6/tools/compiler/ti-cgt-msp430_4.4.6/lib/</path>
         <kind>archive</kind>
         <file>rts430x.lib</file>
         <name>int08.obj</name>
      </input_file>
      <input_file id="fl-3a">
         <path>/Applications/ti/ccsv6/tools/compiler/ti-cgt-msp430_4.4.6/lib/</path>
         <kind>archive</kind>
         <file>rts430x.lib</file>
         <name>int09.obj</name>
      </input_file>
      <input_file id="fl-3b">
         <path>/Applications/ti/ccsv6/tools/compiler/ti-cgt-msp430_4.4.6/lib/</path>
         <kind>archive</kind>
         <file>rts430x.lib</file>
         <name>int10.obj</name>
      </input_file>
      <input_file id="fl-3c">
         <path>/Applications/ti/ccsv6/tools/compiler/ti-cgt-msp430_4.4.6/lib/</path>
         <kind>archive</kind>
         <file>rts430x.lib</file>
         <name>int11.obj</name>
      </input_file>
      <input_file id="fl-3d">
         <path>/Applications/ti/ccsv6/tools/compiler/ti-cgt-msp430_4.4.6/lib/</path>
         <kind>archive</kind>
         <file>rts430x.lib</file>
         <name>int12.obj</name>
      </input_file>
      <input_file id="fl-3e">
         <path>/Applications/ti/ccsv6/tools/compiler/ti-cgt-msp430_4.4.6/lib/</path>
         <kind>archive</kind>
         <file>rts430x.lib</file>
         <name>int13.obj</name>
      </input_file>
      <input_file id="fl-3f">
         <path>/Applications/ti/ccsv6/tools/compiler/ti-cgt-msp430_4.4.6/lib/</path>
         <kind>archive</kind>
         <file>rts430x.lib</file>
         <name>int14.obj</name>
      </input_file>
      <input_file id="fl-40">
         <path>/Applications/ti/ccsv6/tools/compiler/ti-cgt-msp430_4.4.6/lib/</path>
         <kind>archive</kind>
         <file>rts430x.lib</file>
         <name>int15.obj</name>
      </input_file>
      <input_file id="fl-41">
         <path>/Applications/ti/ccsv6/tools/compiler/ti-cgt-msp430_4.4.6/lib/</path>
         <kind>archive</kind>
         <file>rts430x.lib</file>
         <name>int16.obj</name>
      </input_file>
      <input_file id="fl-42">
         <path>/Applications/ti/ccsv6/tools/compiler/ti-cgt-msp430_4.4.6/lib/</path>
         <kind>archive</kind>
         <file>rts430x.lib</file>
         <name>int17.obj</name>
      </input_file>
      <input_file id="fl-43">
         <path>/Applications/ti/ccsv6/tools/compiler/ti-cgt-msp430_4.4.6/lib/</path>
         <kind>archive</kind>
         <file>rts430x.lib</file>
         <name>int18.obj</name>
      </input_file>
      <input_file id="fl-44">
         <path>/Applications/ti/ccsv6/tools/compiler/ti-cgt-msp430_4.4.6/lib/</path>
         <kind>archive</kind>
         <file>rts430x.lib</file>
         <name>int19.obj</name>
      </input_file>
      <input_file id="fl-45">
         <path>/Applications/ti/ccsv6/tools/compiler/ti-cgt-msp430_4.4.6/lib/</path>
         <kind>archive</kind>
         <file>rts430x.lib</file>
         <name>int20.obj</name>
      </input_file>
      <input_file id="fl-46">
         <path>/Applications/ti/ccsv6/tools/compiler/ti-cgt-msp430_4.4.6/lib/</path>
         <kind>archive</kind>
         <file>rts430x.lib</file>
         <name>int21.obj</name>
      </input_file>
      <input_file id="fl-47">
         <path>/Applications/ti/ccsv6/tools/compiler/ti-cgt-msp430_4.4.6/lib/</path>
         <kind>archive</kind>
         <file>rts430x.lib</file>
         <name>int22.obj</name>
      </input_file>
      <input_file id="fl-48">
         <path>/Applications/ti/ccsv6/tools/compiler/ti-cgt-msp430_4.4.6/lib/</path>
         <kind>archive</kind>
         <file>rts430x.lib</file>
         <name>int23.obj</name>
      </input_file>
      <input_file id="fl-49">
         <path>/Applications/ti/ccsv6/tools/compiler/ti-cgt-msp430_4.4.6/lib/</path>
         <kind>archive</kind>
         <file>rts430x.lib</file>
         <name>int24.obj</name>
      </input_file>
      <input_file id="fl-4a">
         <path>/Applications/ti/ccsv6/tools/compiler/ti-cgt-msp430_4.4.6/lib/</path>
         <kind>archive</kind>
         <file>rts430x.lib</file>
         <name>int25.obj</name>
      </input_file>
      <input_file id="fl-4b">
         <path>/Applications/ti/ccsv6/tools/compiler/ti-cgt-msp430_4.4.6/lib/</path>
         <kind>archive</kind>
         <file>rts430x.lib</file>
         <name>int26.obj</name>
      </input_file>
      <input_file id="fl-4c">
         <path>/Applications/ti/ccsv6/tools/compiler/ti-cgt-msp430_4.4.6/lib/</path>
         <kind>archive</kind>
         <file>rts430x.lib</file>
         <name>int27.obj</name>
      </input_file>
      <input_file id="fl-4d">
         <path>/Applications/ti/ccsv6/tools/compiler/ti-cgt-msp430_4.4.6/lib/</path>
         <kind>archive</kind>
         <file>rts430x.lib</file>
         <name>int28.obj</name>
      </input_file>
      <input_file id="fl-4e">
         <path>/Applications/ti/ccsv6/tools/compiler/ti-cgt-msp430_4.4.6/lib/</path>
         <kind>archive</kind>
         <file>rts430x.lib</file>
         <name>int29.obj</name>
      </input_file>
      <input_file id="fl-4f">
         <path>/Applications/ti/ccsv6/tools/compiler/ti-cgt-msp430_4.4.6/lib/</path>
         <kind>archive</kind>
         <file>rts430x.lib</file>
         <name>int30.obj</name>
      </input_file>
      <input_file id="fl-50">
         <path>/Applications/ti/ccsv6/tools/compiler/ti-cgt-msp430_4.4.6/lib/</path>
         <kind>archive</kind>
         <file>rts430x.lib</file>
         <name>isr_trap.obj</name>
      </input_file>
      <input_file id="fl-51">
         <path>/Applications/ti/ccsv6/tools/compiler/ti-cgt-msp430_4.4.6/lib/</path>
         <kind>archive</kind>
         <file>rts430x.lib</file>
         <name>mult1632_hw.obj</name>
      </input_file>
      <input_file id="fl-52">
         <path>/Applications/ti/ccsv6/tools/compiler/ti-cgt-msp430_4.4.6/lib/</path>
         <kind>archive</kind>
         <file>rts430x.lib</file>
         <name>mult16_hw.obj</name>
      </input_file>
      <input_file id="fl-53">
         <path>/Applications/ti/ccsv6/tools/compiler/ti-cgt-msp430_4.4.6/lib/</path>
         <kind>archive</kind>
         <file>rts430x.lib</file>
         <name>mult3264_hw.obj</name>
      </input_file>
      <input_file id="fl-54">
         <path>/Applications/ti/ccsv6/tools/compiler/ti-cgt-msp430_4.4.6/lib/</path>
         <kind>archive</kind>
         <file>rts430x.lib</file>
         <name>mult32_hw.obj</name>
      </input_file>
      <input_file id="fl-55">
         <path>/Applications/ti/ccsv6/tools/compiler/ti-cgt-msp430_4.4.6/lib/</path>
         <kind>archive</kind>
         <file>rts430x.lib</file>
         <name>mult64_hw.obj</name>
      </input_file>
   </input_file_list>
   <object_component_list>
      <object_component id="oc-4e">
         <name>.bss</name>
         <uninitialized>true</uninitialized>
         <run_address>0x1100</run_address>
         <size>0x4</size>
         <input_file_ref idref="fl-2"/>
      </object_component>
      <object_component id="oc-4d">
         <name>.text</name>
         <load_address>0x3106</load_address>
         <run_address>0x3106</run_address>
         <size>0x264</size>
         <input_file_ref idref="fl-2"/>
      </object_component>
      <object_component id="oc-55">
         <name>.text:_isr:__TI_ISR_TRAP</name>
         <load_address>0x3100</load_address>
         <run_address>0x3100</run_address>
         <size>0x6</size>
         <input_file_ref idref="fl-50"/>
      </object_component>
      <object_component id="oc-4f">
         <name>.const</name>
         <load_address>0x336a</load_address>
         <run_address>0x336a</run_address>
         <size>0x2f</size>
         <input_file_ref idref="fl-2"/>
      </object_component>
      <object_component id="oc-2e">
         <name>.int00</name>
         <load_address>0xffc0</load_address>
         <run_address>0xffc0</run_address>
         <size>0x2</size>
         <input_file_ref idref="fl-31"/>
      </object_component>
      <object_component id="oc-2f">
         <name>.int01</name>
         <load_address>0xffc2</load_address>
         <run_address>0xffc2</run_address>
         <size>0x2</size>
         <input_file_ref idref="fl-32"/>
      </object_component>
      <object_component id="oc-30">
         <name>.int02</name>
         <load_address>0xffc4</load_address>
         <run_address>0xffc4</run_address>
         <size>0x2</size>
         <input_file_ref idref="fl-33"/>
      </object_component>
      <object_component id="oc-31">
         <name>.int03</name>
         <load_address>0xffc6</load_address>
         <run_address>0xffc6</run_address>
         <size>0x2</size>
         <input_file_ref idref="fl-34"/>
      </object_component>
      <object_component id="oc-32">
         <name>.int04</name>
         <load_address>0xffc8</load_address>
         <run_address>0xffc8</run_address>
         <size>0x2</size>
         <input_file_ref idref="fl-35"/>
      </object_component>
      <object_component id="oc-33">
         <name>.int05</name>
         <load_address>0xffca</load_address>
         <run_address>0xffca</run_address>
         <size>0x2</size>
         <input_file_ref idref="fl-36"/>
      </object_component>
      <object_component id="oc-34">
         <name>.int06</name>
         <load_address>0xffcc</load_address>
         <run_address>0xffcc</run_address>
         <size>0x2</size>
         <input_file_ref idref="fl-37"/>
      </object_component>
      <object_component id="oc-35">
         <name>.int07</name>
         <load_address>0xffce</load_address>
         <run_address>0xffce</run_address>
         <size>0x2</size>
         <input_file_ref idref="fl-38"/>
      </object_component>
      <object_component id="oc-36">
         <name>.int08</name>
         <load_address>0xffd0</load_address>
         <run_address>0xffd0</run_address>
         <size>0x2</size>
         <input_file_ref idref="fl-39"/>
      </object_component>
      <object_component id="oc-37">
         <name>.int09</name>
         <load_address>0xffd2</load_address>
         <run_address>0xffd2</run_address>
         <size>0x2</size>
         <input_file_ref idref="fl-3a"/>
      </object_component>
      <object_component id="oc-38">
         <name>.int10</name>
         <load_address>0xffd4</load_address>
         <run_address>0xffd4</run_address>
         <size>0x2</size>
         <input_file_ref idref="fl-3b"/>
      </object_component>
      <object_component id="oc-39">
         <name>.int11</name>
         <load_address>0xffd6</load_address>
         <run_address>0xffd6</run_address>
         <size>0x2</size>
         <input_file_ref idref="fl-3c"/>
      </object_component>
      <object_component id="oc-3a">
         <name>.int12</name>
         <load_address>0xffd8</load_address>
         <run_address>0xffd8</run_address>
         <size>0x2</size>
         <input_file_ref idref="fl-3d"/>
      </object_component>
      <object_component id="oc-3b">
         <name>.int13</name>
         <load_address>0xffda</load_address>
         <run_address>0xffda</run_address>
         <size>0x2</size>
         <input_file_ref idref="fl-3e"/>
      </object_component>
      <object_component id="oc-3c">
         <name>.int14</name>
         <load_address>0xffdc</load_address>
         <run_address>0xffdc</run_address>
         <size>0x2</size>
         <input_file_ref idref="fl-3f"/>
      </object_component>
      <object_component id="oc-3d">
         <name>.int15</name>
         <load_address>0xffde</load_address>
         <run_address>0xffde</run_address>
         <size>0x2</size>
         <input_file_ref idref="fl-40"/>
      </object_component>
      <object_component id="oc-3e">
         <name>.int16</name>
         <load_address>0xffe0</load_address>
         <run_address>0xffe0</run_address>
         <size>0x2</size>
         <input_file_ref idref="fl-41"/>
      </object_component>
      <object_component id="oc-3f">
         <name>.int17</name>
         <load_address>0xffe2</load_address>
         <run_address>0xffe2</run_address>
         <size>0x2</size>
         <input_file_ref idref="fl-42"/>
      </object_component>
      <object_component id="oc-40">
         <name>.int18</name>
         <load_address>0xffe4</load_address>
         <run_address>0xffe4</run_address>
         <size>0x2</size>
         <input_file_ref idref="fl-43"/>
      </object_component>
      <object_component id="oc-41">
         <name>.int19</name>
         <load_address>0xffe6</load_address>
         <run_address>0xffe6</run_address>
         <size>0x2</size>
         <input_file_ref idref="fl-44"/>
      </object_component>
      <object_component id="oc-42">
         <name>.int20</name>
         <load_address>0xffe8</load_address>
         <run_address>0xffe8</run_address>
         <size>0x2</size>
         <input_file_ref idref="fl-45"/>
      </object_component>
      <object_component id="oc-43">
         <name>.int21</name>
         <load_address>0xffea</load_address>
         <run_address>0xffea</run_address>
         <size>0x2</size>
         <input_file_ref idref="fl-46"/>
      </object_component>
      <object_component id="oc-44">
         <name>.int22</name>
         <load_address>0xffec</load_address>
         <run_address>0xffec</run_address>
         <size>0x2</size>
         <input_file_ref idref="fl-47"/>
      </object_component>
      <object_component id="oc-45">
         <name>.int23</name>
         <load_address>0xffee</load_address>
         <run_address>0xffee</run_address>
         <size>0x2</size>
         <input_file_ref idref="fl-48"/>
      </object_component>
      <object_component id="oc-46">
         <name>.int24</name>
         <load_address>0xfff0</load_address>
         <run_address>0xfff0</run_address>
         <size>0x2</size>
         <input_file_ref idref="fl-49"/>
      </object_component>
      <object_component id="oc-47">
         <name>.int25</name>
         <load_address>0xfff2</load_address>
         <run_address>0xfff2</run_address>
         <size>0x2</size>
         <input_file_ref idref="fl-4a"/>
      </object_component>
      <object_component id="oc-48">
         <name>.int26</name>
         <load_address>0xfff4</load_address>
         <run_address>0xfff4</run_address>
         <size>0x2</size>
         <input_file_ref idref="fl-4b"/>
      </object_component>
      <object_component id="oc-49">
         <name>.int27</name>
         <load_address>0xfff6</load_address>
         <run_address>0xfff6</run_address>
         <size>0x2</size>
         <input_file_ref idref="fl-4c"/>
      </object_component>
      <object_component id="oc-4a">
         <name>.int28</name>
         <load_address>0xfff8</load_address>
         <run_address>0xfff8</run_address>
         <size>0x2</size>
         <input_file_ref idref="fl-4d"/>
      </object_component>
      <object_component id="oc-4b">
         <name>.int29</name>
         <load_address>0xfffa</load_address>
         <run_address>0xfffa</run_address>
         <size>0x2</size>
         <input_file_ref idref="fl-4e"/>
      </object_component>
      <object_component id="oc-4c">
         <name>.int30</name>
         <load_address>0xfffc</load_address>
         <run_address>0xfffc</run_address>
         <size>0x2</size>
         <input_file_ref idref="fl-4f"/>
      </object_component>
      <object_component id="oc-50">
         <name>.reset</name>
         <load_address>0xfffe</load_address>
         <run_address>0xfffe</run_address>
         <size>0x2</size>
         <input_file_ref idref="fl-2"/>
      </object_component>
      <object_component id="oc-51">
         <name>.debug_info</name>
         <load_address>0x0</load_address>
         <run_address>0x0</run_address>
         <size>0x221</size>
         <input_file_ref idref="fl-2"/>
      </object_component>
      <object_component id="oc-56">
         <name>.debug_info</name>
         <load_address>0x221</load_address>
         <run_address>0x221</run_address>
         <size>0xe4</size>
         <input_file_ref idref="fl-50"/>
      </object_component>
      <object_component id="oc-5a">
         <name>.debug_info</name>
         <load_address>0x305</load_address>
         <run_address>0x305</run_address>
         <size>0xbd</size>
         <input_file_ref idref="fl-51"/>
      </object_component>
      <object_component id="oc-5e">
         <name>.debug_info</name>
         <load_address>0x3c2</load_address>
         <run_address>0x3c2</run_address>
         <size>0xbb</size>
         <input_file_ref idref="fl-52"/>
      </object_component>
      <object_component id="oc-62">
         <name>.debug_info</name>
         <load_address>0x47d</load_address>
         <run_address>0x47d</run_address>
         <size>0xbd</size>
         <input_file_ref idref="fl-53"/>
      </object_component>
      <object_component id="oc-66">
         <name>.debug_info</name>
         <load_address>0x53a</load_address>
         <run_address>0x53a</run_address>
         <size>0xbb</size>
         <input_file_ref idref="fl-54"/>
      </object_component>
      <object_component id="oc-6a">
         <name>.debug_info</name>
         <load_address>0x5f5</load_address>
         <run_address>0x5f5</run_address>
         <size>0xbb</size>
         <input_file_ref idref="fl-55"/>
      </object_component>
      <object_component id="oc-a3">
         <name>.debug_info</name>
         <load_address>0x6b0</load_address>
         <run_address>0x6b0</run_address>
         <size>0xa7</size>
      </object_component>
      <object_component id="oc-52">
         <name>.debug_line</name>
         <load_address>0x0</load_address>
         <run_address>0x0</run_address>
         <size>0x10a</size>
         <input_file_ref idref="fl-2"/>
      </object_component>
      <object_component id="oc-57">
         <name>.debug_line</name>
         <load_address>0x10a</load_address>
         <run_address>0x10a</run_address>
         <size>0x3c</size>
         <input_file_ref idref="fl-50"/>
      </object_component>
      <object_component id="oc-5b">
         <name>.debug_line</name>
         <load_address>0x146</load_address>
         <run_address>0x146</run_address>
         <size>0x30</size>
         <input_file_ref idref="fl-51"/>
      </object_component>
      <object_component id="oc-5f">
         <name>.debug_line</name>
         <load_address>0x176</load_address>
         <run_address>0x176</run_address>
         <size>0x2e</size>
         <input_file_ref idref="fl-52"/>
      </object_component>
      <object_component id="oc-63">
         <name>.debug_line</name>
         <load_address>0x1a4</load_address>
         <run_address>0x1a4</run_address>
         <size>0x30</size>
         <input_file_ref idref="fl-53"/>
      </object_component>
      <object_component id="oc-67">
         <name>.debug_line</name>
         <load_address>0x1d4</load_address>
         <run_address>0x1d4</run_address>
         <size>0x2e</size>
         <input_file_ref idref="fl-54"/>
      </object_component>
      <object_component id="oc-6b">
         <name>.debug_line</name>
         <load_address>0x202</load_address>
         <run_address>0x202</run_address>
         <size>0x2e</size>
         <input_file_ref idref="fl-55"/>
      </object_component>
      <object_component id="oc-53">
         <name>.debug_abbrev</name>
         <load_address>0x0</load_address>
         <run_address>0x0</run_address>
         <size>0x3d</size>
         <input_file_ref idref="fl-2"/>
      </object_component>
      <object_component id="oc-58">
         <name>.debug_abbrev</name>
         <load_address>0x3d</load_address>
         <run_address>0x3d</run_address>
         <size>0x24</size>
         <input_file_ref idref="fl-50"/>
      </object_component>
      <object_component id="oc-5c">
         <name>.debug_abbrev</name>
         <load_address>0x61</load_address>
         <run_address>0x61</run_address>
         <size>0x38</size>
         <input_file_ref idref="fl-51"/>
      </object_component>
      <object_component id="oc-60">
         <name>.debug_abbrev</name>
         <load_address>0x99</load_address>
         <run_address>0x99</run_address>
         <size>0x38</size>
         <input_file_ref idref="fl-52"/>
      </object_component>
      <object_component id="oc-64">
         <name>.debug_abbrev</name>
         <load_address>0xd1</load_address>
         <run_address>0xd1</run_address>
         <size>0x46</size>
         <input_file_ref idref="fl-53"/>
      </object_component>
      <object_component id="oc-68">
         <name>.debug_abbrev</name>
         <load_address>0x117</load_address>
         <run_address>0x117</run_address>
         <size>0x38</size>
         <input_file_ref idref="fl-54"/>
      </object_component>
      <object_component id="oc-6c">
         <name>.debug_abbrev</name>
         <load_address>0x14f</load_address>
         <run_address>0x14f</run_address>
         <size>0x38</size>
         <input_file_ref idref="fl-55"/>
      </object_component>
      <object_component id="oc-a4">
         <name>.debug_abbrev</name>
         <load_address>0x187</load_address>
         <run_address>0x187</run_address>
         <size>0xf</size>
      </object_component>
      <object_component id="oc-54">
         <name>.debug_aranges</name>
         <load_address>0x0</load_address>
         <run_address>0x0</run_address>
         <size>0x20</size>
         <input_file_ref idref="fl-2"/>
      </object_component>
      <object_component id="oc-59">
         <name>.debug_aranges</name>
         <load_address>0x20</load_address>
         <run_address>0x20</run_address>
         <size>0x20</size>
         <input_file_ref idref="fl-50"/>
      </object_component>
      <object_component id="oc-5d">
         <name>.debug_aranges</name>
         <load_address>0x40</load_address>
         <run_address>0x40</run_address>
         <size>0x18</size>
         <input_file_ref idref="fl-51"/>
      </object_component>
      <object_component id="oc-61">
         <name>.debug_aranges</name>
         <load_address>0x58</load_address>
         <run_address>0x58</run_address>
         <size>0x18</size>
         <input_file_ref idref="fl-52"/>
      </object_component>
      <object_component id="oc-65">
         <name>.debug_aranges</name>
         <load_address>0x70</load_address>
         <run_address>0x70</run_address>
         <size>0x18</size>
         <input_file_ref idref="fl-53"/>
      </object_component>
      <object_component id="oc-69">
         <name>.debug_aranges</name>
         <load_address>0x88</load_address>
         <run_address>0x88</run_address>
         <size>0x18</size>
         <input_file_ref idref="fl-54"/>
      </object_component>
      <object_component id="oc-6d">
         <name>.debug_aranges</name>
         <load_address>0xa0</load_address>
         <run_address>0xa0</run_address>
         <size>0x18</size>
         <input_file_ref idref="fl-55"/>
      </object_component>
   </object_component_list>
   <logical_group_list>
      <logical_group id="lg-2" display="no" color="cyan">
         <name>.bss</name>
         <run_address>0x1100</run_address>
         <size>0x4</size>
         <contents>
            <object_component_ref idref="oc-4e"/>
         </contents>
      </logical_group>
      <logical_group id="lg-3" display="no" color="cyan">
         <name>.sysmem</name>
         <run_address>0x0</run_address>
         <size>0x0</size>
         <contents>
         </contents>
      </logical_group>
      <logical_group id="lg-4" display="no" color="cyan">
         <name>.stack</name>
         <run_address>0x0</run_address>
         <size>0x0</size>
         <contents>
         </contents>
      </logical_group>
      <logical_group id="lg-a2" display="no" color="cyan">
         <name>.text</name>
         <load_address>0x3106</load_address>
         <run_address>0x3106</run_address>
         <size>0x264</size>
         <contents>
            <object_component_ref idref="oc-4d"/>
         </contents>
      </logical_group>
      <split_section id="lg-5" display="no" color="cyan">
         <name>.text</name>
         <contents>
            <logical_group_ref idref="lg-a2"/>
         </contents>
      </split_section>
      <logical_group id="lg-6" display="no" color="cyan">
         <name>.text:_isr</name>
         <load_address>0x3100</load_address>
         <run_address>0x3100</run_address>
         <size>0x6</size>
         <contents>
            <object_component_ref idref="oc-55"/>
         </contents>
      </logical_group>
      <logical_group id="lg-7" display="no" color="cyan">
         <name>.cinit</name>
         <run_address>0x0</run_address>
         <size>0x0</size>
         <contents>
         </contents>
      </logical_group>
      <logical_group id="lg-8" display="no" color="cyan">
         <name>.const</name>
         <load_address>0x336a</load_address>
         <run_address>0x336a</run_address>
         <size>0x2f</size>
         <contents>
            <object_component_ref idref="oc-4f"/>
         </contents>
      </logical_group>
      <logical_group id="lg-9" display="no" color="cyan">
         <name>.cio</name>
         <run_address>0x0</run_address>
         <size>0x0</size>
         <contents>
         </contents>
      </logical_group>
      <logical_group id="lg-a" display="no" color="cyan">
         <name>.pinit</name>
         <run_address>0x0</run_address>
         <size>0x0</size>
         <contents>
         </contents>
      </logical_group>
      <logical_group id="lg-b" display="no" color="cyan">
         <name>.infoA</name>
         <run_address>0x0</run_address>
         <size>0x0</size>
         <contents>
         </contents>
      </logical_group>
      <logical_group id="lg-c" display="no" color="cyan">
         <name>.infoB</name>
         <run_address>0x0</run_address>
         <size>0x0</size>
         <contents>
         </contents>
      </logical_group>
      <logical_group id="lg-d" display="no" color="cyan">
         <name>.int00</name>
         <load_address>0xffc0</load_address>
         <run_address>0xffc0</run_address>
         <size>0x2</size>
         <contents>
            <object_component_ref idref="oc-2e"/>
         </contents>
      </logical_group>
      <logical_group id="lg-e" display="no" color="cyan">
         <name>.int01</name>
         <load_address>0xffc2</load_address>
         <run_address>0xffc2</run_address>
         <size>0x2</size>
         <contents>
            <object_component_ref idref="oc-2f"/>
         </contents>
      </logical_group>
      <logical_group id="lg-f" display="no" color="cyan">
         <name>.int02</name>
         <load_address>0xffc4</load_address>
         <run_address>0xffc4</run_address>
         <size>0x2</size>
         <contents>
            <object_component_ref idref="oc-30"/>
         </contents>
      </logical_group>
      <logical_group id="lg-10" display="no" color="cyan">
         <name>.int03</name>
         <load_address>0xffc6</load_address>
         <run_address>0xffc6</run_address>
         <size>0x2</size>
         <contents>
            <object_component_ref idref="oc-31"/>
         </contents>
      </logical_group>
      <logical_group id="lg-11" display="no" color="cyan">
         <name>.int04</name>
         <load_address>0xffc8</load_address>
         <run_address>0xffc8</run_address>
         <size>0x2</size>
         <contents>
            <object_component_ref idref="oc-32"/>
         </contents>
      </logical_group>
      <logical_group id="lg-12" display="no" color="cyan">
         <name>.int05</name>
         <load_address>0xffca</load_address>
         <run_address>0xffca</run_address>
         <size>0x2</size>
         <contents>
            <object_component_ref idref="oc-33"/>
         </contents>
      </logical_group>
      <logical_group id="lg-13" display="no" color="cyan">
         <name>.int06</name>
         <load_address>0xffcc</load_address>
         <run_address>0xffcc</run_address>
         <size>0x2</size>
         <contents>
            <object_component_ref idref="oc-34"/>
         </contents>
      </logical_group>
      <logical_group id="lg-14" display="no" color="cyan">
         <name>.int07</name>
         <load_address>0xffce</load_address>
         <run_address>0xffce</run_address>
         <size>0x2</size>
         <contents>
            <object_component_ref idref="oc-35"/>
         </contents>
      </logical_group>
      <logical_group id="lg-15" display="no" color="cyan">
         <name>.int08</name>
         <load_address>0xffd0</load_address>
         <run_address>0xffd0</run_address>
         <size>0x2</size>
         <contents>
            <object_component_ref idref="oc-36"/>
         </contents>
      </logical_group>
      <logical_group id="lg-16" display="no" color="cyan">
         <name>.int09</name>
         <load_address>0xffd2</load_address>
         <run_address>0xffd2</run_address>
         <size>0x2</size>
         <contents>
            <object_component_ref idref="oc-37"/>
         </contents>
      </logical_group>
      <logical_group id="lg-17" display="no" color="cyan">
         <name>.int10</name>
         <load_address>0xffd4</load_address>
         <run_address>0xffd4</run_address>
         <size>0x2</size>
         <contents>
            <object_component_ref idref="oc-38"/>
         </contents>
      </logical_group>
      <logical_group id="lg-18" display="no" color="cyan">
         <name>.int11</name>
         <load_address>0xffd6</load_address>
         <run_address>0xffd6</run_address>
         <size>0x2</size>
         <contents>
            <object_component_ref idref="oc-39"/>
         </contents>
      </logical_group>
      <logical_group id="lg-19" display="no" color="cyan">
         <name>.int12</name>
         <load_address>0xffd8</load_address>
         <run_address>0xffd8</run_address>
         <size>0x2</size>
         <contents>
            <object_component_ref idref="oc-3a"/>
         </contents>
      </logical_group>
      <logical_group id="lg-1a" display="no" color="cyan">
         <name>.int13</name>
         <load_address>0xffda</load_address>
         <run_address>0xffda</run_address>
         <size>0x2</size>
         <contents>
            <object_component_ref idref="oc-3b"/>
         </contents>
      </logical_group>
      <logical_group id="lg-1b" display="no" color="cyan">
         <name>.int14</name>
         <load_address>0xffdc</load_address>
         <run_address>0xffdc</run_address>
         <size>0x2</size>
         <contents>
            <object_component_ref idref="oc-3c"/>
         </contents>
      </logical_group>
      <logical_group id="lg-1c" display="no" color="cyan">
         <name>.int15</name>
         <load_address>0xffde</load_address>
         <run_address>0xffde</run_address>
         <size>0x2</size>
         <contents>
            <object_component_ref idref="oc-3d"/>
         </contents>
      </logical_group>
      <logical_group id="lg-1d" display="no" color="cyan">
         <name>.int16</name>
         <load_address>0xffe0</load_address>
         <run_address>0xffe0</run_address>
         <size>0x2</size>
         <contents>
            <object_component_ref idref="oc-3e"/>
         </contents>
      </logical_group>
      <logical_group id="lg-1e" display="no" color="cyan">
         <name>.int17</name>
         <load_address>0xffe2</load_address>
         <run_address>0xffe2</run_address>
         <size>0x2</size>
         <contents>
            <object_component_ref idref="oc-3f"/>
         </contents>
      </logical_group>
      <logical_group id="lg-1f" display="no" color="cyan">
         <name>.int18</name>
         <load_address>0xffe4</load_address>
         <run_address>0xffe4</run_address>
         <size>0x2</size>
         <contents>
            <object_component_ref idref="oc-40"/>
         </contents>
      </logical_group>
      <logical_group id="lg-20" display="no" color="cyan">
         <name>.int19</name>
         <load_address>0xffe6</load_address>
         <run_address>0xffe6</run_address>
         <size>0x2</size>
         <contents>
            <object_component_ref idref="oc-41"/>
         </contents>
      </logical_group>
      <logical_group id="lg-21" display="no" color="cyan">
         <name>.int20</name>
         <load_address>0xffe8</load_address>
         <run_address>0xffe8</run_address>
         <size>0x2</size>
         <contents>
            <object_component_ref idref="oc-42"/>
         </contents>
      </logical_group>
      <logical_group id="lg-22" display="no" color="cyan">
         <name>.int21</name>
         <load_address>0xffea</load_address>
         <run_address>0xffea</run_address>
         <size>0x2</size>
         <contents>
            <object_component_ref idref="oc-43"/>
         </contents>
      </logical_group>
      <logical_group id="lg-23" display="no" color="cyan">
         <name>.int22</name>
         <load_address>0xffec</load_address>
         <run_address>0xffec</run_address>
         <size>0x2</size>
         <contents>
            <object_component_ref idref="oc-44"/>
         </contents>
      </logical_group>
      <logical_group id="lg-24" display="no" color="cyan">
         <name>.int23</name>
         <load_address>0xffee</load_address>
         <run_address>0xffee</run_address>
         <size>0x2</size>
         <contents>
            <object_component_ref idref="oc-45"/>
         </contents>
      </logical_group>
      <logical_group id="lg-25" display="no" color="cyan">
         <name>.int24</name>
         <load_address>0xfff0</load_address>
         <run_address>0xfff0</run_address>
         <size>0x2</size>
         <contents>
            <object_component_ref idref="oc-46"/>
         </contents>
      </logical_group>
      <logical_group id="lg-26" display="no" color="cyan">
         <name>.int25</name>
         <load_address>0xfff2</load_address>
         <run_address>0xfff2</run_address>
         <size>0x2</size>
         <contents>
            <object_component_ref idref="oc-47"/>
         </contents>
      </logical_group>
      <logical_group id="lg-27" display="no" color="cyan">
         <name>.int26</name>
         <load_address>0xfff4</load_address>
         <run_address>0xfff4</run_address>
         <size>0x2</size>
         <contents>
            <object_component_ref idref="oc-48"/>
         </contents>
      </logical_group>
      <logical_group id="lg-28" display="no" color="cyan">
         <name>.int27</name>
         <load_address>0xfff6</load_address>
         <run_address>0xfff6</run_address>
         <size>0x2</size>
         <contents>
            <object_component_ref idref="oc-49"/>
         </contents>
      </logical_group>
      <logical_group id="lg-29" display="no" color="cyan">
         <name>.int28</name>
         <load_address>0xfff8</load_address>
         <run_address>0xfff8</run_address>
         <size>0x2</size>
         <contents>
            <object_component_ref idref="oc-4a"/>
         </contents>
      </logical_group>
      <logical_group id="lg-2a" display="no" color="cyan">
         <name>.int29</name>
         <load_address>0xfffa</load_address>
         <run_address>0xfffa</run_address>
         <size>0x2</size>
         <contents>
            <object_component_ref idref="oc-4b"/>
         </contents>
      </logical_group>
      <logical_group id="lg-2b" display="no" color="cyan">
         <name>.int30</name>
         <load_address>0xfffc</load_address>
         <run_address>0xfffc</run_address>
         <size>0x2</size>
         <contents>
            <object_component_ref idref="oc-4c"/>
         </contents>
      </logical_group>
      <logical_group id="lg-2c" display="no" color="cyan">
         <name>.reset</name>
         <load_address>0xfffe</load_address>
         <run_address>0xfffe</run_address>
         <size>0x2</size>
         <contents>
            <object_component_ref idref="oc-50"/>
         </contents>
      </logical_group>
      <logical_group id="lg-99" display="never" color="cyan">
         <name>.debug_info</name>
         <load_address>0x0</load_address>
         <run_address>0x0</run_address>
         <size>0x757</size>
         <contents>
            <object_component_ref idref="oc-51"/>
            <object_component_ref idref="oc-56"/>
            <object_component_ref idref="oc-5a"/>
            <object_component_ref idref="oc-5e"/>
            <object_component_ref idref="oc-62"/>
            <object_component_ref idref="oc-66"/>
            <object_component_ref idref="oc-6a"/>
            <object_component_ref idref="oc-a3"/>
         </contents>
      </logical_group>
      <logical_group id="lg-9b" display="never" color="cyan">
         <name>.debug_line</name>
         <load_address>0x0</load_address>
         <run_address>0x0</run_address>
         <size>0x230</size>
         <contents>
            <object_component_ref idref="oc-52"/>
            <object_component_ref idref="oc-57"/>
            <object_component_ref idref="oc-5b"/>
            <object_component_ref idref="oc-5f"/>
            <object_component_ref idref="oc-63"/>
            <object_component_ref idref="oc-67"/>
            <object_component_ref idref="oc-6b"/>
         </contents>
      </logical_group>
      <logical_group id="lg-9d" display="never" color="cyan">
         <name>.debug_abbrev</name>
         <load_address>0x0</load_address>
         <run_address>0x0</run_address>
         <size>0x196</size>
         <contents>
            <object_component_ref idref="oc-53"/>
            <object_component_ref idref="oc-58"/>
            <object_component_ref idref="oc-5c"/>
            <object_component_ref idref="oc-60"/>
            <object_component_ref idref="oc-64"/>
            <object_component_ref idref="oc-68"/>
            <object_component_ref idref="oc-6c"/>
            <object_component_ref idref="oc-a4"/>
         </contents>
      </logical_group>
      <logical_group id="lg-9f" display="never" color="cyan">
         <name>.debug_aranges</name>
         <load_address>0x0</load_address>
         <run_address>0x0</run_address>
         <size>0xb8</size>
         <contents>
            <object_component_ref idref="oc-54"/>
            <object_component_ref idref="oc-59"/>
            <object_component_ref idref="oc-5d"/>
            <object_component_ref idref="oc-61"/>
            <object_component_ref idref="oc-65"/>
            <object_component_ref idref="oc-69"/>
            <object_component_ref idref="oc-6d"/>
         </contents>
      </logical_group>
   </logical_group_list>
   <placement_map>
      <memory_area display="no" color="green">
         <name>SFR</name>
         <page_id>0x0</page_id>
         <origin>0x0</origin>
         <length>0x10</length>
         <used_space>0x0</used_space>
         <unused_space>0x10</unused_space>
         <attributes>RWIX</attributes>
         <usage_details>
         </usage_details>
      </memory_area>
      <memory_area display="yes" color="green">
         <name>PERIPHERALS_8BIT</name>
         <page_id>0x0</page_id>
         <origin>0x10</origin>
         <length>0xf0</length>
         <used_space>0x0</used_space>
         <unused_space>0xf0</unused_space>
         <attributes>RWIX</attributes>
         <usage_details>
         </usage_details>
      </memory_area>
      <memory_area display="yes" color="green">
         <name>PERIPHERALS_16BIT</name>
         <page_id>0x0</page_id>
         <origin>0x100</origin>
         <length>0x100</length>
         <used_space>0x0</used_space>
         <unused_space>0x100</unused_space>
         <attributes>RWIX</attributes>
         <usage_details>
         </usage_details>
      </memory_area>
      <memory_area display="yes" color="green">
         <name>INFOB</name>
         <page_id>0x0</page_id>
         <origin>0x1000</origin>
         <length>0x80</length>
         <used_space>0x0</used_space>
         <unused_space>0x80</unused_space>
         <attributes>RWIX</attributes>
         <usage_details>
         </usage_details>
      </memory_area>
      <memory_area display="yes" color="green">
         <name>INFOA</name>
         <page_id>0x0</page_id>
         <origin>0x1080</origin>
         <length>0x80</length>
         <used_space>0x0</used_space>
         <unused_space>0x80</unused_space>
         <attributes>RWIX</attributes>
         <usage_details>
         </usage_details>
      </memory_area>
      <memory_area display="yes" color="green">
         <name>RAM</name>
         <page_id>0x0</page_id>
         <origin>0x1100</origin>
         <length>0x2000</length>
         <used_space>0x4</used_space>
         <unused_space>0x1ffc</unused_space>
         <attributes>RWIX</attributes>
         <usage_details>
            <allocated_space>
               <start_address>0x1100</start_address>
               <size>0x4</size>
               <logical_group_ref idref="lg-2"/>
            </allocated_space>
            <available_space>
               <start_address>0x1104</start_address>
               <size>0x1ffc</size>
            </available_space>
         </usage_details>
      </memory_area>
      <memory_area display="yes" color="green">
         <name>FLASH</name>
         <page_id>0x0</page_id>
         <origin>0x3100</origin>
         <length>0xcec0</length>
         <used_space>0x299</used_space>
         <unused_space>0xcc27</unused_space>
         <attributes>RWIX</attributes>
         <usage_details>
            <allocated_space>
               <start_address>0x3100</start_address>
               <size>0x6</size>
               <logical_group_ref idref="lg-6"/>
            </allocated_space>
            <allocated_space>
               <start_address>0x3106</start_address>
               <size>0x264</size>
               <logical_group_ref idref="lg-a2"/>
            </allocated_space>
            <allocated_space>
               <start_address>0x336a</start_address>
               <size>0x2f</size>
               <logical_group_ref idref="lg-8"/>
            </allocated_space>
            <available_space>
               <start_address>0x3399</start_address>
               <size>0xcc27</size>
            </available_space>
         </usage_details>
      </memory_area>
      <memory_area display="no" color="green">
         <name>INT00</name>
         <page_id>0x0</page_id>
         <origin>0xffc0</origin>
         <length>0x2</length>
         <used_space>0x2</used_space>
         <unused_space>0x0</unused_space>
         <attributes>RWIX</attributes>
         <usage_details>
            <allocated_space>
               <start_address>0xffc0</start_address>
               <size>0x2</size>
               <logical_group_ref idref="lg-d"/>
            </allocated_space>
         </usage_details>
      </memory_area>
      <memory_area display="no" color="green">
         <name>INT01</name>
         <page_id>0x0</page_id>
         <origin>0xffc2</origin>
         <length>0x2</length>
         <used_space>0x2</used_space>
         <unused_space>0x0</unused_space>
         <attributes>RWIX</attributes>
         <usage_details>
            <allocated_space>
               <start_address>0xffc2</start_address>
               <size>0x2</size>
               <logical_group_ref idref="lg-e"/>
            </allocated_space>
         </usage_details>
      </memory_area>
      <memory_area display="no" color="green">
         <name>INT02</name>
         <page_id>0x0</page_id>
         <origin>0xffc4</origin>
         <length>0x2</length>
         <used_space>0x2</used_space>
         <unused_space>0x0</unused_space>
         <attributes>RWIX</attributes>
         <usage_details>
            <allocated_space>
               <start_address>0xffc4</start_address>
               <size>0x2</size>
               <logical_group_ref idref="lg-f"/>
            </allocated_space>
         </usage_details>
      </memory_area>
      <memory_area display="no" color="green">
         <name>INT03</name>
         <page_id>0x0</page_id>
         <origin>0xffc6</origin>
         <length>0x2</length>
         <used_space>0x2</used_space>
         <unused_space>0x0</unused_space>
         <attributes>RWIX</attributes>
         <usage_details>
            <allocated_space>
               <start_address>0xffc6</start_address>
               <size>0x2</size>
               <logical_group_ref idref="lg-10"/>
            </allocated_space>
         </usage_details>
      </memory_area>
      <memory_area display="no" color="green">
         <name>INT04</name>
         <page_id>0x0</page_id>
         <origin>0xffc8</origin>
         <length>0x2</length>
         <used_space>0x2</used_space>
         <unused_space>0x0</unused_space>
         <attributes>RWIX</attributes>
         <usage_details>
            <allocated_space>
               <start_address>0xffc8</start_address>
               <size>0x2</size>
               <logical_group_ref idref="lg-11"/>
            </allocated_space>
         </usage_details>
      </memory_area>
      <memory_area display="no" color="green">
         <name>INT05</name>
         <page_id>0x0</page_id>
         <origin>0xffca</origin>
         <length>0x2</length>
         <used_space>0x2</used_space>
         <unused_space>0x0</unused_space>
         <attributes>RWIX</attributes>
         <usage_details>
            <allocated_space>
               <start_address>0xffca</start_address>
               <size>0x2</size>
               <logical_group_ref idref="lg-12"/>
            </allocated_space>
         </usage_details>
      </memory_area>
      <memory_area display="no" color="green">
         <name>INT06</name>
         <page_id>0x0</page_id>
         <origin>0xffcc</origin>
         <length>0x2</length>
         <used_space>0x2</used_space>
         <unused_space>0x0</unused_space>
         <attributes>RWIX</attributes>
         <usage_details>
            <allocated_space>
               <start_address>0xffcc</start_address>
               <size>0x2</size>
               <logical_group_ref idref="lg-13"/>
            </allocated_space>
         </usage_details>
      </memory_area>
      <memory_area display="no" color="green">
         <name>INT07</name>
         <page_id>0x0</page_id>
         <origin>0xffce</origin>
         <length>0x2</length>
         <used_space>0x2</used_space>
         <unused_space>0x0</unused_space>
         <attributes>RWIX</attributes>
         <usage_details>
            <allocated_space>
               <start_address>0xffce</start_address>
               <size>0x2</size>
               <logical_group_ref idref="lg-14"/>
            </allocated_space>
         </usage_details>
      </memory_area>
      <memory_area display="no" color="green">
         <name>INT08</name>
         <page_id>0x0</page_id>
         <origin>0xffd0</origin>
         <length>0x2</length>
         <used_space>0x2</used_space>
         <unused_space>0x0</unused_space>
         <attributes>RWIX</attributes>
         <usage_details>
            <allocated_space>
               <start_address>0xffd0</start_address>
               <size>0x2</size>
               <logical_group_ref idref="lg-15"/>
            </allocated_space>
         </usage_details>
      </memory_area>
      <memory_area display="no" color="green">
         <name>INT09</name>
         <page_id>0x0</page_id>
         <origin>0xffd2</origin>
         <length>0x2</length>
         <used_space>0x2</used_space>
         <unused_space>0x0</unused_space>
         <attributes>RWIX</attributes>
         <usage_details>
            <allocated_space>
               <start_address>0xffd2</start_address>
               <size>0x2</size>
               <logical_group_ref idref="lg-16"/>
            </allocated_space>
         </usage_details>
      </memory_area>
      <memory_area display="no" color="green">
         <name>INT10</name>
         <page_id>0x0</page_id>
         <origin>0xffd4</origin>
         <length>0x2</length>
         <used_space>0x2</used_space>
         <unused_space>0x0</unused_space>
         <attributes>RWIX</attributes>
         <usage_details>
            <allocated_space>
               <start_address>0xffd4</start_address>
               <size>0x2</size>
               <logical_group_ref idref="lg-17"/>
            </allocated_space>
         </usage_details>
      </memory_area>
      <memory_area display="no" color="green">
         <name>INT11</name>
         <page_id>0x0</page_id>
         <origin>0xffd6</origin>
         <length>0x2</length>
         <used_space>0x2</used_space>
         <unused_space>0x0</unused_space>
         <attributes>RWIX</attributes>
         <usage_details>
            <allocated_space>
               <start_address>0xffd6</start_address>
               <size>0x2</size>
               <logical_group_ref idref="lg-18"/>
            </allocated_space>
         </usage_details>
      </memory_area>
      <memory_area display="no" color="green">
         <name>INT12</name>
         <page_id>0x0</page_id>
         <origin>0xffd8</origin>
         <length>0x2</length>
         <used_space>0x2</used_space>
         <unused_space>0x0</unused_space>
         <attributes>RWIX</attributes>
         <usage_details>
            <allocated_space>
               <start_address>0xffd8</start_address>
               <size>0x2</size>
               <logical_group_ref idref="lg-19"/>
            </allocated_space>
         </usage_details>
      </memory_area>
      <memory_area display="no" color="green">
         <name>INT13</name>
         <page_id>0x0</page_id>
         <origin>0xffda</origin>
         <length>0x2</length>
         <used_space>0x2</used_space>
         <unused_space>0x0</unused_space>
         <attributes>RWIX</attributes>
         <usage_details>
            <allocated_space>
               <start_address>0xffda</start_address>
               <size>0x2</size>
               <logical_group_ref idref="lg-1a"/>
            </allocated_space>
         </usage_details>
      </memory_area>
      <memory_area display="no" color="green">
         <name>INT14</name>
         <page_id>0x0</page_id>
         <origin>0xffdc</origin>
         <length>0x2</length>
         <used_space>0x2</used_space>
         <unused_space>0x0</unused_space>
         <attributes>RWIX</attributes>
         <usage_details>
            <allocated_space>
               <start_address>0xffdc</start_address>
               <size>0x2</size>
               <logical_group_ref idref="lg-1b"/>
            </allocated_space>
         </usage_details>
      </memory_area>
      <memory_area display="no" color="green">
         <name>INT15</name>
         <page_id>0x0</page_id>
         <origin>0xffde</origin>
         <length>0x2</length>
         <used_space>0x2</used_space>
         <unused_space>0x0</unused_space>
         <attributes>RWIX</attributes>
         <usage_details>
            <allocated_space>
               <start_address>0xffde</start_address>
               <size>0x2</size>
               <logical_group_ref idref="lg-1c"/>
            </allocated_space>
         </usage_details>
      </memory_area>
      <memory_area display="no" color="green">
         <name>INT16</name>
         <page_id>0x0</page_id>
         <origin>0xffe0</origin>
         <length>0x2</length>
         <used_space>0x2</used_space>
         <unused_space>0x0</unused_space>
         <attributes>RWIX</attributes>
         <usage_details>
            <allocated_space>
               <start_address>0xffe0</start_address>
               <size>0x2</size>
               <logical_group_ref idref="lg-1d"/>
            </allocated_space>
         </usage_details>
      </memory_area>
      <memory_area display="no" color="green">
         <name>INT17</name>
         <page_id>0x0</page_id>
         <origin>0xffe2</origin>
         <length>0x2</length>
         <used_space>0x2</used_space>
         <unused_space>0x0</unused_space>
         <attributes>RWIX</attributes>
         <usage_details>
            <allocated_space>
               <start_address>0xffe2</start_address>
               <size>0x2</size>
               <logical_group_ref idref="lg-1e"/>
            </allocated_space>
         </usage_details>
      </memory_area>
      <memory_area display="no" color="green">
         <name>INT18</name>
         <page_id>0x0</page_id>
         <origin>0xffe4</origin>
         <length>0x2</length>
         <used_space>0x2</used_space>
         <unused_space>0x0</unused_space>
         <attributes>RWIX</attributes>
         <usage_details>
            <allocated_space>
               <start_address>0xffe4</start_address>
               <size>0x2</size>
               <logical_group_ref idref="lg-1f"/>
            </allocated_space>
         </usage_details>
      </memory_area>
      <memory_area display="no" color="green">
         <name>INT19</name>
         <page_id>0x0</page_id>
         <origin>0xffe6</origin>
         <length>0x2</length>
         <used_space>0x2</used_space>
         <unused_space>0x0</unused_space>
         <attributes>RWIX</attributes>
         <usage_details>
            <allocated_space>
               <start_address>0xffe6</start_address>
               <size>0x2</size>
               <logical_group_ref idref="lg-20"/>
            </allocated_space>
         </usage_details>
      </memory_area>
      <memory_area display="no" color="green">
         <name>INT20</name>
         <page_id>0x0</page_id>
         <origin>0xffe8</origin>
         <length>0x2</length>
         <used_space>0x2</used_space>
         <unused_space>0x0</unused_space>
         <attributes>RWIX</attributes>
         <usage_details>
            <allocated_space>
               <start_address>0xffe8</start_address>
               <size>0x2</size>
               <logical_group_ref idref="lg-21"/>
            </allocated_space>
         </usage_details>
      </memory_area>
      <memory_area display="no" color="green">
         <name>INT21</name>
         <page_id>0x0</page_id>
         <origin>0xffea</origin>
         <length>0x2</length>
         <used_space>0x2</used_space>
         <unused_space>0x0</unused_space>
         <attributes>RWIX</attributes>
         <usage_details>
            <allocated_space>
               <start_address>0xffea</start_address>
               <size>0x2</size>
               <logical_group_ref idref="lg-22"/>
            </allocated_space>
         </usage_details>
      </memory_area>
      <memory_area display="no" color="green">
         <name>INT22</name>
         <page_id>0x0</page_id>
         <origin>0xffec</origin>
         <length>0x2</length>
         <used_space>0x2</used_space>
         <unused_space>0x0</unused_space>
         <attributes>RWIX</attributes>
         <usage_details>
            <allocated_space>
               <start_address>0xffec</start_address>
               <size>0x2</size>
               <logical_group_ref idref="lg-23"/>
            </allocated_space>
         </usage_details>
      </memory_area>
      <memory_area display="no" color="green">
         <name>INT23</name>
         <page_id>0x0</page_id>
         <origin>0xffee</origin>
         <length>0x2</length>
         <used_space>0x2</used_space>
         <unused_space>0x0</unused_space>
         <attributes>RWIX</attributes>
         <usage_details>
            <allocated_space>
               <start_address>0xffee</start_address>
               <size>0x2</size>
               <logical_group_ref idref="lg-24"/>
            </allocated_space>
         </usage_details>
      </memory_area>
      <memory_area display="no" color="green">
         <name>INT24</name>
         <page_id>0x0</page_id>
         <origin>0xfff0</origin>
         <length>0x2</length>
         <used_space>0x2</used_space>
         <unused_space>0x0</unused_space>
         <attributes>RWIX</attributes>
         <usage_details>
            <allocated_space>
               <start_address>0xfff0</start_address>
               <size>0x2</size>
               <logical_group_ref idref="lg-25"/>
            </allocated_space>
         </usage_details>
      </memory_area>
      <memory_area display="no" color="green">
         <name>INT25</name>
         <page_id>0x0</page_id>
         <origin>0xfff2</origin>
         <length>0x2</length>
         <used_space>0x2</used_space>
         <unused_space>0x0</unused_space>
         <attributes>RWIX</attributes>
         <usage_details>
            <allocated_space>
               <start_address>0xfff2</start_address>
               <size>0x2</size>
               <logical_group_ref idref="lg-26"/>
            </allocated_space>
         </usage_details>
      </memory_area>
      <memory_area display="no" color="green">
         <name>INT26</name>
         <page_id>0x0</page_id>
         <origin>0xfff4</origin>
         <length>0x2</length>
         <used_space>0x2</used_space>
         <unused_space>0x0</unused_space>
         <attributes>RWIX</attributes>
         <usage_details>
            <allocated_space>
               <start_address>0xfff4</start_address>
               <size>0x2</size>
               <logical_group_ref idref="lg-27"/>
            </allocated_space>
         </usage_details>
      </memory_area>
      <memory_area display="no" color="green">
         <name>INT27</name>
         <page_id>0x0</page_id>
         <origin>0xfff6</origin>
         <length>0x2</length>
         <used_space>0x2</used_space>
         <unused_space>0x0</unused_space>
         <attributes>RWIX</attributes>
         <usage_details>
            <allocated_space>
               <start_address>0xfff6</start_address>
               <size>0x2</size>
               <logical_group_ref idref="lg-28"/>
            </allocated_space>
         </usage_details>
      </memory_area>
      <memory_area display="no" color="green">
         <name>INT28</name>
         <page_id>0x0</page_id>
         <origin>0xfff8</origin>
         <length>0x2</length>
         <used_space>0x2</used_space>
         <unused_space>0x0</unused_space>
         <attributes>RWIX</attributes>
         <usage_details>
            <allocated_space>
               <start_address>0xfff8</start_address>
               <size>0x2</size>
               <logical_group_ref idref="lg-29"/>
            </allocated_space>
         </usage_details>
      </memory_area>
      <memory_area display="no" color="green">
         <name>INT29</name>
         <page_id>0x0</page_id>
         <origin>0xfffa</origin>
         <length>0x2</length>
         <used_space>0x2</used_space>
         <unused_space>0x0</unused_space>
         <attributes>RWIX</attributes>
         <usage_details>
            <allocated_space>
               <start_address>0xfffa</start_address>
               <size>0x2</size>
               <logical_group_ref idref="lg-2a"/>
            </allocated_space>
         </usage_details>
      </memory_area>
      <memory_area display="no" color="green">
         <name>INT30</name>
         <page_id>0x0</page_id>
         <origin>0xfffc</origin>
         <length>0x2</length>
         <used_space>0x2</used_space>
         <unused_space>0x0</unused_space>
         <attributes>RWIX</attributes>
         <usage_details>
            <allocated_space>
               <start_address>0xfffc</start_address>
               <size>0x2</size>
               <logical_group_ref idref="lg-2b"/>
            </allocated_space>
         </usage_details>
      </memory_area>
      <memory_area display="no" color="green">
         <name>RESET</name>
         <page_id>0x0</page_id>
         <origin>0xfffe</origin>
         <length>0x2</length>
         <used_space>0x2</used_space>
         <unused_space>0x0</unused_space>
         <attributes>RWIX</attributes>
         <usage_details>
            <allocated_space>
               <start_address>0xfffe</start_address>
               <size>0x2</size>
               <logical_group_ref idref="lg-2c"/>
            </allocated_space>
         </usage_details>
      </memory_area>
      <memory_area display="yes" color="green">
         <name>FLASH2</name>
         <page_id>0x0</page_id>
         <origin>0x10000</origin>
         <length>0x10000</length>
         <used_space>0x0</used_space>
         <unused_space>0x10000</unused_space>
         <attributes>RWIX</attributes>
         <usage_details>
         </usage_details>
      </memory_area>
   </placement_map>
   <symbol_table>
      <symbol id="sm-0">
         <name>IE1</name>
         <value>0x0</value>
      </symbol>
      <symbol id="sm-1">
         <name>IFG1</name>
         <value>0x2</value>
      </symbol>
      <symbol id="sm-2">
         <name>IE2</name>
         <value>0x1</value>
      </symbol>
      <symbol id="sm-3">
         <name>IFG2</name>
         <value>0x3</value>
      </symbol>
      <symbol id="sm-4">
         <name>ME2</name>
         <value>0x5</value>
      </symbol>
      <symbol id="sm-5">
         <name>ADC12CTL0</name>
         <value>0x1a0</value>
      </symbol>
      <symbol id="sm-6">
         <name>ADC12CTL1</name>
         <value>0x1a2</value>
      </symbol>
      <symbol id="sm-7">
         <name>ADC12IFG</name>
         <value>0x1a4</value>
      </symbol>
      <symbol id="sm-8">
         <name>ADC12IE</name>
         <value>0x1a6</value>
      </symbol>
      <symbol id="sm-9">
         <name>ADC12IV</name>
         <value>0x1a8</value>
      </symbol>
      <symbol id="sm-a">
         <name>ADC12MEM0</name>
         <value>0x140</value>
      </symbol>
      <symbol id="sm-b">
         <name>ADC12MEM1</name>
         <value>0x142</value>
      </symbol>
      <symbol id="sm-c">
         <name>ADC12MEM2</name>
         <value>0x144</value>
      </symbol>
      <symbol id="sm-d">
         <name>ADC12MEM3</name>
         <value>0x146</value>
      </symbol>
      <symbol id="sm-e">
         <name>ADC12MEM4</name>
         <value>0x148</value>
      </symbol>
      <symbol id="sm-f">
         <name>ADC12MEM5</name>
         <value>0x14a</value>
      </symbol>
      <symbol id="sm-10">
         <name>ADC12MEM6</name>
         <value>0x14c</value>
      </symbol>
      <symbol id="sm-11">
         <name>ADC12MEM7</name>
         <value>0x14e</value>
      </symbol>
      <symbol id="sm-12">
         <name>ADC12MEM8</name>
         <value>0x150</value>
      </symbol>
      <symbol id="sm-13">
         <name>ADC12MEM9</name>
         <value>0x152</value>
      </symbol>
      <symbol id="sm-14">
         <name>ADC12MEM10</name>
         <value>0x154</value>
      </symbol>
      <symbol id="sm-15">
         <name>ADC12MEM11</name>
         <value>0x156</value>
      </symbol>
      <symbol id="sm-16">
         <name>ADC12MEM12</name>
         <value>0x158</value>
      </symbol>
      <symbol id="sm-17">
         <name>ADC12MEM13</name>
         <value>0x15a</value>
      </symbol>
      <symbol id="sm-18">
         <name>ADC12MEM14</name>
         <value>0x15c</value>
      </symbol>
      <symbol id="sm-19">
         <name>ADC12MEM15</name>
         <value>0x15e</value>
      </symbol>
      <symbol id="sm-1a">
         <name>ADC12MCTL0</name>
         <value>0x80</value>
      </symbol>
      <symbol id="sm-1b">
         <name>ADC12MCTL1</name>
         <value>0x81</value>
      </symbol>
      <symbol id="sm-1c">
         <name>ADC12MCTL2</name>
         <value>0x82</value>
      </symbol>
      <symbol id="sm-1d">
         <name>ADC12MCTL3</name>
         <value>0x83</value>
      </symbol>
      <symbol id="sm-1e">
         <name>ADC12MCTL4</name>
         <value>0x84</value>
      </symbol>
      <symbol id="sm-1f">
         <name>ADC12MCTL5</name>
         <value>0x85</value>
      </symbol>
      <symbol id="sm-20">
         <name>ADC12MCTL6</name>
         <value>0x86</value>
      </symbol>
      <symbol id="sm-21">
         <name>ADC12MCTL7</name>
         <value>0x87</value>
      </symbol>
      <symbol id="sm-22">
         <name>ADC12MCTL8</name>
         <value>0x88</value>
      </symbol>
      <symbol id="sm-23">
         <name>ADC12MCTL9</name>
         <value>0x89</value>
      </symbol>
      <symbol id="sm-24">
         <name>ADC12MCTL10</name>
         <value>0x8a</value>
      </symbol>
      <symbol id="sm-25">
         <name>ADC12MCTL11</name>
         <value>0x8b</value>
      </symbol>
      <symbol id="sm-26">
         <name>ADC12MCTL12</name>
         <value>0x8c</value>
      </symbol>
      <symbol id="sm-27">
         <name>ADC12MCTL13</name>
         <value>0x8d</value>
      </symbol>
      <symbol id="sm-28">
         <name>ADC12MCTL14</name>
         <value>0x8e</value>
      </symbol>
      <symbol id="sm-29">
         <name>ADC12MCTL15</name>
         <value>0x8f</value>
      </symbol>
      <symbol id="sm-2a">
         <name>BTCTL</name>
         <value>0x40</value>
      </symbol>
      <symbol id="sm-2b">
         <name>RTCCTL</name>
         <value>0x41</value>
      </symbol>
      <symbol id="sm-2c">
         <name>RTCNT1</name>
         <value>0x42</value>
      </symbol>
      <symbol id="sm-2d">
         <name>RTCNT2</name>
         <value>0x43</value>
      </symbol>
      <symbol id="sm-2e">
         <name>RTCNT3</name>
         <value>0x44</value>
      </symbol>
      <symbol id="sm-2f">
         <name>RTCNT4</name>
         <value>0x45</value>
      </symbol>
      <symbol id="sm-30">
         <name>BTCNT1</name>
         <value>0x46</value>
      </symbol>
      <symbol id="sm-31">
         <name>BTCNT2</name>
         <value>0x47</value>
      </symbol>
      <symbol id="sm-32">
         <name>RTCDAY</name>
         <value>0x4c</value>
      </symbol>
      <symbol id="sm-33">
         <name>RTCMON</name>
         <value>0x4d</value>
      </symbol>
      <symbol id="sm-34">
         <name>RTCYEARL</name>
         <value>0x4e</value>
      </symbol>
      <symbol id="sm-35">
         <name>RTCYEARH</name>
         <value>0x4f</value>
      </symbol>
      <symbol id="sm-36">
         <name>RTCTL</name>
         <value>0x40</value>
      </symbol>
      <symbol id="sm-37">
         <name>RTCTIM0</name>
         <value>0x42</value>
      </symbol>
      <symbol id="sm-38">
         <name>RTCTIM1</name>
         <value>0x44</value>
      </symbol>
      <symbol id="sm-39">
         <name>BTCNT12</name>
         <value>0x46</value>
      </symbol>
      <symbol id="sm-3a">
         <name>RTCDATE</name>
         <value>0x4c</value>
      </symbol>
      <symbol id="sm-3b">
         <name>RTCYEAR</name>
         <value>0x4e</value>
      </symbol>
      <symbol id="sm-3c">
         <name>CACTL1</name>
         <value>0x59</value>
      </symbol>
      <symbol id="sm-3d">
         <name>CACTL2</name>
         <value>0x5a</value>
      </symbol>
      <symbol id="sm-3e">
         <name>CAPD</name>
         <value>0x5b</value>
      </symbol>
      <symbol id="sm-3f">
         <name>DAC12_0CTL</name>
         <value>0x1c0</value>
      </symbol>
      <symbol id="sm-40">
         <name>DAC12_1CTL</name>
         <value>0x1c2</value>
      </symbol>
      <symbol id="sm-41">
         <name>DAC12_0DAT</name>
         <value>0x1c8</value>
      </symbol>
      <symbol id="sm-42">
         <name>DAC12_1DAT</name>
         <value>0x1ca</value>
      </symbol>
      <symbol id="sm-43">
         <name>DMACTL0</name>
         <value>0x122</value>
      </symbol>
      <symbol id="sm-44">
         <name>DMACTL1</name>
         <value>0x124</value>
      </symbol>
      <symbol id="sm-45">
         <name>DMAIV</name>
         <value>0x126</value>
      </symbol>
      <symbol id="sm-46">
         <name>DMA0CTL</name>
         <value>0x1d0</value>
      </symbol>
      <symbol id="sm-47">
         <name>DMA1CTL</name>
         <value>0x1dc</value>
      </symbol>
      <symbol id="sm-48">
         <name>DMA2CTL</name>
         <value>0x1e8</value>
      </symbol>
      <symbol id="sm-49">
         <name>DMA0SA</name>
         <value>0x1d2</value>
      </symbol>
      <symbol id="sm-4a">
         <name>DMA0SAL</name>
         <value>0x1d2</value>
      </symbol>
      <symbol id="sm-4b">
         <name>DMA0DA</name>
         <value>0x1d6</value>
      </symbol>
      <symbol id="sm-4c">
         <name>DMA0DAL</name>
         <value>0x1d6</value>
      </symbol>
      <symbol id="sm-4d">
         <name>DMA0SZ</name>
         <value>0x1da</value>
      </symbol>
      <symbol id="sm-4e">
         <name>DMA1SA</name>
         <value>0x1de</value>
      </symbol>
      <symbol id="sm-4f">
         <name>DMA1SAL</name>
         <value>0x1de</value>
      </symbol>
      <symbol id="sm-50">
         <name>DMA1DA</name>
         <value>0x1e2</value>
      </symbol>
      <symbol id="sm-51">
         <name>DMA1DAL</name>
         <value>0x1e2</value>
      </symbol>
      <symbol id="sm-52">
         <name>DMA1SZ</name>
         <value>0x1e6</value>
      </symbol>
      <symbol id="sm-53">
         <name>DMA2SA</name>
         <value>0x1ea</value>
      </symbol>
      <symbol id="sm-54">
         <name>DMA2SAL</name>
         <value>0x1ea</value>
      </symbol>
      <symbol id="sm-55">
         <name>DMA2DA</name>
         <value>0x1ee</value>
      </symbol>
      <symbol id="sm-56">
         <name>DMA2DAL</name>
         <value>0x1ee</value>
      </symbol>
      <symbol id="sm-57">
         <name>DMA2SZ</name>
         <value>0x1f2</value>
      </symbol>
      <symbol id="sm-58">
         <name>FCTL1</name>
         <value>0x128</value>
      </symbol>
      <symbol id="sm-59">
         <name>FCTL2</name>
         <value>0x12a</value>
      </symbol>
      <symbol id="sm-5a">
         <name>FCTL3</name>
         <value>0x12c</value>
      </symbol>
      <symbol id="sm-5b">
         <name>SCFI0</name>
         <value>0x50</value>
      </symbol>
      <symbol id="sm-5c">
         <name>SCFI1</name>
         <value>0x51</value>
      </symbol>
      <symbol id="sm-5d">
         <name>SCFQCTL</name>
         <value>0x52</value>
      </symbol>
      <symbol id="sm-5e">
         <name>FLL_CTL0</name>
         <value>0x53</value>
      </symbol>
      <symbol id="sm-5f">
         <name>FLL_CTL1</name>
         <value>0x54</value>
      </symbol>
      <symbol id="sm-60">
         <name>LCDACTL</name>
         <value>0x90</value>
      </symbol>
      <symbol id="sm-61">
         <name>LCDAPCTL0</name>
         <value>0xac</value>
      </symbol>
      <symbol id="sm-62">
         <name>LCDAPCTL1</name>
         <value>0xad</value>
      </symbol>
      <symbol id="sm-63">
         <name>LCDAVCTL0</name>
         <value>0xae</value>
      </symbol>
      <symbol id="sm-64">
         <name>LCDAVCTL1</name>
         <value>0xaf</value>
      </symbol>
      <symbol id="sm-65">
         <name>LCDM1</name>
         <value>0x91</value>
      </symbol>
      <symbol id="sm-66">
         <name>LCDM2</name>
         <value>0x92</value>
      </symbol>
      <symbol id="sm-67">
         <name>LCDM3</name>
         <value>0x93</value>
      </symbol>
      <symbol id="sm-68">
         <name>LCDM4</name>
         <value>0x94</value>
      </symbol>
      <symbol id="sm-69">
         <name>LCDM5</name>
         <value>0x95</value>
      </symbol>
      <symbol id="sm-6a">
         <name>LCDM6</name>
         <value>0x96</value>
      </symbol>
      <symbol id="sm-6b">
         <name>LCDM7</name>
         <value>0x97</value>
      </symbol>
      <symbol id="sm-6c">
         <name>LCDM8</name>
         <value>0x98</value>
      </symbol>
      <symbol id="sm-6d">
         <name>LCDM9</name>
         <value>0x99</value>
      </symbol>
      <symbol id="sm-6e">
         <name>LCDM10</name>
         <value>0x9a</value>
      </symbol>
      <symbol id="sm-6f">
         <name>LCDM11</name>
         <value>0x9b</value>
      </symbol>
      <symbol id="sm-70">
         <name>LCDM12</name>
         <value>0x9c</value>
      </symbol>
      <symbol id="sm-71">
         <name>LCDM13</name>
         <value>0x9d</value>
      </symbol>
      <symbol id="sm-72">
         <name>LCDM14</name>
         <value>0x9e</value>
      </symbol>
      <symbol id="sm-73">
         <name>LCDM15</name>
         <value>0x9f</value>
      </symbol>
      <symbol id="sm-74">
         <name>LCDM16</name>
         <value>0xa0</value>
      </symbol>
      <symbol id="sm-75">
         <name>LCDM17</name>
         <value>0xa1</value>
      </symbol>
      <symbol id="sm-76">
         <name>LCDM18</name>
         <value>0xa2</value>
      </symbol>
      <symbol id="sm-77">
         <name>LCDM19</name>
         <value>0xa3</value>
      </symbol>
      <symbol id="sm-78">
         <name>LCDM20</name>
         <value>0xa4</value>
      </symbol>
      <symbol id="sm-79">
         <name>MPY</name>
         <value>0x130</value>
      </symbol>
      <symbol id="sm-7a">
         <name>MPYS</name>
         <value>0x132</value>
      </symbol>
      <symbol id="sm-7b">
         <name>MAC</name>
         <value>0x134</value>
      </symbol>
      <symbol id="sm-7c">
         <name>MACS</name>
         <value>0x136</value>
      </symbol>
      <symbol id="sm-7d">
         <name>OP2</name>
         <value>0x138</value>
      </symbol>
      <symbol id="sm-7e">
         <name>RESLO</name>
         <value>0x13a</value>
      </symbol>
      <symbol id="sm-7f">
         <name>RESHI</name>
         <value>0x13c</value>
      </symbol>
      <symbol id="sm-80">
         <name>SUMEXT</name>
         <value>0x13e</value>
      </symbol>
      <symbol id="sm-81">
         <name>OA0CTL0</name>
         <value>0xc0</value>
      </symbol>
      <symbol id="sm-82">
         <name>OA0CTL1</name>
         <value>0xc1</value>
      </symbol>
      <symbol id="sm-83">
         <name>OA1CTL0</name>
         <value>0xc2</value>
      </symbol>
      <symbol id="sm-84">
         <name>OA1CTL1</name>
         <value>0xc3</value>
      </symbol>
      <symbol id="sm-85">
         <name>OA2CTL0</name>
         <value>0xc4</value>
      </symbol>
      <symbol id="sm-86">
         <name>OA2CTL1</name>
         <value>0xc5</value>
      </symbol>
      <symbol id="sm-87">
         <name>P1IN</name>
         <value>0x20</value>
      </symbol>
      <symbol id="sm-88">
         <name>P1OUT</name>
         <value>0x21</value>
      </symbol>
      <symbol id="sm-89">
         <name>P1DIR</name>
         <value>0x22</value>
      </symbol>
      <symbol id="sm-8a">
         <name>P1IFG</name>
         <value>0x23</value>
      </symbol>
      <symbol id="sm-8b">
         <name>P1IES</name>
         <value>0x24</value>
      </symbol>
      <symbol id="sm-8c">
         <name>P1IE</name>
         <value>0x25</value>
      </symbol>
      <symbol id="sm-8d">
         <name>P1SEL</name>
         <value>0x26</value>
      </symbol>
      <symbol id="sm-8e">
         <name>P2IN</name>
         <value>0x28</value>
      </symbol>
      <symbol id="sm-8f">
         <name>P2OUT</name>
         <value>0x29</value>
      </symbol>
      <symbol id="sm-90">
         <name>P2DIR</name>
         <value>0x2a</value>
      </symbol>
      <symbol id="sm-91">
         <name>P2IFG</name>
         <value>0x2b</value>
      </symbol>
      <symbol id="sm-92">
         <name>P2IES</name>
         <value>0x2c</value>
      </symbol>
      <symbol id="sm-93">
         <name>P2IE</name>
         <value>0x2d</value>
      </symbol>
      <symbol id="sm-94">
         <name>P2SEL</name>
         <value>0x2e</value>
      </symbol>
      <symbol id="sm-95">
         <name>P3IN</name>
         <value>0x18</value>
      </symbol>
      <symbol id="sm-96">
         <name>P3OUT</name>
         <value>0x19</value>
      </symbol>
      <symbol id="sm-97">
         <name>P3DIR</name>
         <value>0x1a</value>
      </symbol>
      <symbol id="sm-98">
         <name>P3SEL</name>
         <value>0x1b</value>
      </symbol>
      <symbol id="sm-99">
         <name>P4IN</name>
         <value>0x1c</value>
      </symbol>
      <symbol id="sm-9a">
         <name>P4OUT</name>
         <value>0x1d</value>
      </symbol>
      <symbol id="sm-9b">
         <name>P4DIR</name>
         <value>0x1e</value>
      </symbol>
      <symbol id="sm-9c">
         <name>P4SEL</name>
         <value>0x1f</value>
      </symbol>
      <symbol id="sm-9d">
         <name>P5IN</name>
         <value>0x30</value>
      </symbol>
      <symbol id="sm-9e">
         <name>P5OUT</name>
         <value>0x31</value>
      </symbol>
      <symbol id="sm-9f">
         <name>P5DIR</name>
         <value>0x32</value>
      </symbol>
      <symbol id="sm-a0">
         <name>P5SEL</name>
         <value>0x33</value>
      </symbol>
      <symbol id="sm-a1">
         <name>P6IN</name>
         <value>0x34</value>
      </symbol>
      <symbol id="sm-a2">
         <name>P6OUT</name>
         <value>0x35</value>
      </symbol>
      <symbol id="sm-a3">
         <name>P6DIR</name>
         <value>0x36</value>
      </symbol>
      <symbol id="sm-a4">
         <name>P6SEL</name>
         <value>0x37</value>
      </symbol>
      <symbol id="sm-a5">
         <name>P7IN</name>
         <value>0x38</value>
      </symbol>
      <symbol id="sm-a6">
         <name>P7OUT</name>
         <value>0x3a</value>
      </symbol>
      <symbol id="sm-a7">
         <name>P7DIR</name>
         <value>0x3c</value>
      </symbol>
      <symbol id="sm-a8">
         <name>P7SEL</name>
         <value>0x3e</value>
      </symbol>
      <symbol id="sm-a9">
         <name>P8IN</name>
         <value>0x39</value>
      </symbol>
      <symbol id="sm-aa">
         <name>P8OUT</name>
         <value>0x3b</value>
      </symbol>
      <symbol id="sm-ab">
         <name>P8DIR</name>
         <value>0x3d</value>
      </symbol>
      <symbol id="sm-ac">
         <name>P8SEL</name>
         <value>0x3f</value>
      </symbol>
      <symbol id="sm-ad">
         <name>PAIN</name>
         <value>0x38</value>
      </symbol>
      <symbol id="sm-ae">
         <name>PAOUT</name>
         <value>0x3a</value>
      </symbol>
      <symbol id="sm-af">
         <name>PADIR</name>
         <value>0x3c</value>
      </symbol>
      <symbol id="sm-b0">
         <name>PASEL</name>
         <value>0x3e</value>
      </symbol>
      <symbol id="sm-b1">
         <name>P9IN</name>
         <value>0x8</value>
      </symbol>
      <symbol id="sm-b2">
         <name>P9OUT</name>
         <value>0xa</value>
      </symbol>
      <symbol id="sm-b3">
         <name>P9DIR</name>
         <value>0xc</value>
      </symbol>
      <symbol id="sm-b4">
         <name>P9SEL</name>
         <value>0xe</value>
      </symbol>
      <symbol id="sm-b5">
         <name>P10IN</name>
         <value>0x9</value>
      </symbol>
      <symbol id="sm-b6">
         <name>P10OUT</name>
         <value>0xb</value>
      </symbol>
      <symbol id="sm-b7">
         <name>P10DIR</name>
         <value>0xd</value>
      </symbol>
      <symbol id="sm-b8">
         <name>P10SEL</name>
         <value>0xf</value>
      </symbol>
      <symbol id="sm-b9">
         <name>PBIN</name>
         <value>0x8</value>
      </symbol>
      <symbol id="sm-ba">
         <name>PBOUT</name>
         <value>0xa</value>
      </symbol>
      <symbol id="sm-bb">
         <name>PBDIR</name>
         <value>0xc</value>
      </symbol>
      <symbol id="sm-bc">
         <name>PBSEL</name>
         <value>0xe</value>
      </symbol>
      <symbol id="sm-bd">
         <name>SVSCTL</name>
         <value>0x56</value>
      </symbol>
      <symbol id="sm-be">
         <name>TAIV</name>
         <value>0x12e</value>
      </symbol>
      <symbol id="sm-bf">
         <name>TACTL</name>
         <value>0x160</value>
      </symbol>
      <symbol id="sm-c0">
         <name>TACCTL0</name>
         <value>0x162</value>
      </symbol>
      <symbol id="sm-c1">
         <name>TACCTL1</name>
         <value>0x164</value>
      </symbol>
      <symbol id="sm-c2">
         <name>TACCTL2</name>
         <value>0x166</value>
      </symbol>
      <symbol id="sm-c3">
         <name>TAR</name>
         <value>0x170</value>
      </symbol>
      <symbol id="sm-c4">
         <name>TACCR0</name>
         <value>0x172</value>
      </symbol>
      <symbol id="sm-c5">
         <name>TACCR1</name>
         <value>0x174</value>
      </symbol>
      <symbol id="sm-c6">
         <name>TACCR2</name>
         <value>0x176</value>
      </symbol>
      <symbol id="sm-c7">
         <name>TBIV</name>
         <value>0x11e</value>
      </symbol>
      <symbol id="sm-c8">
         <name>TBCTL</name>
         <value>0x180</value>
      </symbol>
      <symbol id="sm-c9">
         <name>TBCCTL0</name>
         <value>0x182</value>
      </symbol>
      <symbol id="sm-ca">
         <name>TBCCTL1</name>
         <value>0x184</value>
      </symbol>
      <symbol id="sm-cb">
         <name>TBCCTL2</name>
         <value>0x186</value>
      </symbol>
      <symbol id="sm-cc">
         <name>TBCCTL3</name>
         <value>0x188</value>
      </symbol>
      <symbol id="sm-cd">
         <name>TBCCTL4</name>
         <value>0x18a</value>
      </symbol>
      <symbol id="sm-ce">
         <name>TBCCTL5</name>
         <value>0x18c</value>
      </symbol>
      <symbol id="sm-cf">
         <name>TBCCTL6</name>
         <value>0x18e</value>
      </symbol>
      <symbol id="sm-d0">
         <name>TBR</name>
         <value>0x190</value>
      </symbol>
      <symbol id="sm-d1">
         <name>TBCCR0</name>
         <value>0x192</value>
      </symbol>
      <symbol id="sm-d2">
         <name>TBCCR1</name>
         <value>0x194</value>
      </symbol>
      <symbol id="sm-d3">
         <name>TBCCR2</name>
         <value>0x196</value>
      </symbol>
      <symbol id="sm-d4">
         <name>TBCCR3</name>
         <value>0x198</value>
      </symbol>
      <symbol id="sm-d5">
         <name>TBCCR4</name>
         <value>0x19a</value>
      </symbol>
      <symbol id="sm-d6">
         <name>TBCCR5</name>
         <value>0x19c</value>
      </symbol>
      <symbol id="sm-d7">
         <name>TBCCR6</name>
         <value>0x19e</value>
      </symbol>
      <symbol id="sm-d8">
         <name>UCA0CTL0</name>
         <value>0x60</value>
      </symbol>
      <symbol id="sm-d9">
         <name>UCA0CTL1</name>
         <value>0x61</value>
      </symbol>
      <symbol id="sm-da">
         <name>UCA0BR0</name>
         <value>0x62</value>
      </symbol>
      <symbol id="sm-db">
         <name>UCA0BR1</name>
         <value>0x63</value>
      </symbol>
      <symbol id="sm-dc">
         <name>UCA0MCTL</name>
         <value>0x64</value>
      </symbol>
      <symbol id="sm-dd">
         <name>UCA0STAT</name>
         <value>0x65</value>
      </symbol>
      <symbol id="sm-de">
         <name>UCA0RXBUF</name>
         <value>0x66</value>
      </symbol>
      <symbol id="sm-df">
         <name>UCA0TXBUF</name>
         <value>0x67</value>
      </symbol>
      <symbol id="sm-e0">
         <name>UCA0ABCTL</name>
         <value>0x5d</value>
      </symbol>
      <symbol id="sm-e1">
         <name>UCA0IRTCTL</name>
         <value>0x5e</value>
      </symbol>
      <symbol id="sm-e2">
         <name>UCA0IRRCTL</name>
         <value>0x5f</value>
      </symbol>
      <symbol id="sm-e3">
         <name>UCB0CTL0</name>
         <value>0x68</value>
      </symbol>
      <symbol id="sm-e4">
         <name>UCB0CTL1</name>
         <value>0x69</value>
      </symbol>
      <symbol id="sm-e5">
         <name>UCB0BR0</name>
         <value>0x6a</value>
      </symbol>
      <symbol id="sm-e6">
         <name>UCB0BR1</name>
         <value>0x6b</value>
      </symbol>
      <symbol id="sm-e7">
         <name>UCB0I2CIE</name>
         <value>0x6c</value>
      </symbol>
      <symbol id="sm-e8">
         <name>UCB0STAT</name>
         <value>0x6d</value>
      </symbol>
      <symbol id="sm-e9">
         <name>UCB0RXBUF</name>
         <value>0x6e</value>
      </symbol>
      <symbol id="sm-ea">
         <name>UCB0TXBUF</name>
         <value>0x6f</value>
      </symbol>
      <symbol id="sm-eb">
         <name>UCB0I2COA</name>
         <value>0x118</value>
      </symbol>
      <symbol id="sm-ec">
         <name>UCB0I2CSA</name>
         <value>0x11a</value>
      </symbol>
      <symbol id="sm-ed">
         <name>U1CTL</name>
         <value>0x78</value>
      </symbol>
      <symbol id="sm-ee">
         <name>U1TCTL</name>
         <value>0x79</value>
      </symbol>
      <symbol id="sm-ef">
         <name>U1RCTL</name>
         <value>0x7a</value>
      </symbol>
      <symbol id="sm-f0">
         <name>U1MCTL</name>
         <value>0x7b</value>
      </symbol>
      <symbol id="sm-f1">
         <name>U1BR0</name>
         <value>0x7c</value>
      </symbol>
      <symbol id="sm-f2">
         <name>U1BR1</name>
         <value>0x7d</value>
      </symbol>
      <symbol id="sm-f3">
         <name>U1RXBUF</name>
         <value>0x7e</value>
      </symbol>
      <symbol id="sm-f4">
         <name>U1TXBUF</name>
         <value>0x7f</value>
      </symbol>
      <symbol id="sm-f5">
         <name>WDTCTL</name>
         <value>0x120</value>
      </symbol>
      <symbol id="sm-f6">
         <name>cinit</name>
         <value>0xffffffff</value>
      </symbol>
      <symbol id="sm-f7">
         <name>__cinit__</name>
         <value>0xffffffff</value>
      </symbol>
      <symbol id="sm-f8">
         <name>pinit</name>
         <value>0xffffffff</value>
      </symbol>
      <symbol id="sm-f9">
         <name>__pinit__</name>
         <value>0xffffffff</value>
      </symbol>
      <symbol id="sm-fa">
         <name>binit</name>
         <value>0xffffffff</value>
      </symbol>
      <symbol id="sm-fb">
         <name>__binit__</name>
         <value>0xffffffff</value>
      </symbol>
      <symbol id="sm-fc">
         <name>__c_args__</name>
         <value>0xffffffff</value>
      </symbol>
      <symbol id="sm-fd">
         <name>.text</name>
         <value>0xffffffff</value>
      </symbol>
      <symbol id="sm-fe">
         <name>__text__</name>
         <value>0xffffffff</value>
      </symbol>
      <symbol id="sm-ff">
         <name>etext</name>
         <value>0xffffffff</value>
      </symbol>
      <symbol id="sm-100">
         <name>__etext__</name>
         <value>0xffffffff</value>
      </symbol>
      <symbol id="sm-101">
         <name>.bss</name>
         <value>0x1100</value>
      </symbol>
      <symbol id="sm-102">
         <name>__bss__</name>
         <value>0x1100</value>
      </symbol>
      <symbol id="sm-103">
         <name>end</name>
         <value>0x1104</value>
      </symbol>
      <symbol id="sm-104">
         <name>__end__</name>
         <value>0x1104</value>
      </symbol>
      <symbol id="sm-1c2">
         <name>__TI_int00</name>
         <value>0xffc0</value>
         <object_component_ref idref="oc-2e"/>
      </symbol>
      <symbol id="sm-1c6">
         <name>__TI_int01</name>
         <value>0xffc2</value>
         <object_component_ref idref="oc-2f"/>
      </symbol>
      <symbol id="sm-1ca">
         <name>__TI_int02</name>
         <value>0xffc4</value>
         <object_component_ref idref="oc-30"/>
      </symbol>
      <symbol id="sm-1ce">
         <name>__TI_int03</name>
         <value>0xffc6</value>
         <object_component_ref idref="oc-31"/>
      </symbol>
      <symbol id="sm-1d2">
         <name>__TI_int04</name>
         <value>0xffc8</value>
         <object_component_ref idref="oc-32"/>
      </symbol>
      <symbol id="sm-1d6">
         <name>__TI_int05</name>
         <value>0xffca</value>
         <object_component_ref idref="oc-33"/>
      </symbol>
      <symbol id="sm-1da">
         <name>__TI_int06</name>
         <value>0xffcc</value>
         <object_component_ref idref="oc-34"/>
      </symbol>
      <symbol id="sm-1de">
         <name>__TI_int07</name>
         <value>0xffce</value>
         <object_component_ref idref="oc-35"/>
      </symbol>
      <symbol id="sm-1e2">
         <name>__TI_int08</name>
         <value>0xffd0</value>
         <object_component_ref idref="oc-36"/>
      </symbol>
      <symbol id="sm-1e6">
         <name>__TI_int09</name>
         <value>0xffd2</value>
         <object_component_ref idref="oc-37"/>
      </symbol>
      <symbol id="sm-1ea">
         <name>__TI_int10</name>
         <value>0xffd4</value>
         <object_component_ref idref="oc-38"/>
      </symbol>
      <symbol id="sm-1ee">
         <name>__TI_int11</name>
         <value>0xffd6</value>
         <object_component_ref idref="oc-39"/>
      </symbol>
      <symbol id="sm-1f2">
         <name>__TI_int12</name>
         <value>0xffd8</value>
         <object_component_ref idref="oc-3a"/>
      </symbol>
      <symbol id="sm-1f6">
         <name>__TI_int13</name>
         <value>0xffda</value>
         <object_component_ref idref="oc-3b"/>
      </symbol>
      <symbol id="sm-1fa">
         <name>__TI_int14</name>
         <value>0xffdc</value>
         <object_component_ref idref="oc-3c"/>
      </symbol>
      <symbol id="sm-1fe">
         <name>__TI_int15</name>
         <value>0xffde</value>
         <object_component_ref idref="oc-3d"/>
      </symbol>
      <symbol id="sm-202">
         <name>__TI_int16</name>
         <value>0xffe0</value>
         <object_component_ref idref="oc-3e"/>
      </symbol>
      <symbol id="sm-206">
         <name>__TI_int17</name>
         <value>0xffe2</value>
         <object_component_ref idref="oc-3f"/>
      </symbol>
      <symbol id="sm-20a">
         <name>__TI_int18</name>
         <value>0xffe4</value>
         <object_component_ref idref="oc-40"/>
      </symbol>
      <symbol id="sm-20e">
         <name>__TI_int19</name>
         <value>0xffe6</value>
         <object_component_ref idref="oc-41"/>
      </symbol>
      <symbol id="sm-212">
         <name>__TI_int20</name>
         <value>0xffe8</value>
         <object_component_ref idref="oc-42"/>
      </symbol>
      <symbol id="sm-216">
         <name>__TI_int21</name>
         <value>0xffea</value>
         <object_component_ref idref="oc-43"/>
      </symbol>
      <symbol id="sm-21a">
         <name>__TI_int22</name>
         <value>0xffec</value>
         <object_component_ref idref="oc-44"/>
      </symbol>
      <symbol id="sm-21e">
         <name>__TI_int23</name>
         <value>0xffee</value>
         <object_component_ref idref="oc-45"/>
      </symbol>
      <symbol id="sm-222">
         <name>__TI_int24</name>
         <value>0xfff0</value>
         <object_component_ref idref="oc-46"/>
      </symbol>
      <symbol id="sm-226">
         <name>__TI_int25</name>
         <value>0xfff2</value>
         <object_component_ref idref="oc-47"/>
      </symbol>
      <symbol id="sm-22a">
         <name>__TI_int26</name>
         <value>0xfff4</value>
         <object_component_ref idref="oc-48"/>
      </symbol>
      <symbol id="sm-22e">
         <name>__TI_int27</name>
         <value>0xfff6</value>
         <object_component_ref idref="oc-49"/>
      </symbol>
      <symbol id="sm-232">
         <name>__TI_int28</name>
         <value>0xfff8</value>
         <object_component_ref idref="oc-4a"/>
      </symbol>
      <symbol id="sm-236">
         <name>__TI_int29</name>
         <value>0xfffa</value>
         <object_component_ref idref="oc-4b"/>
      </symbol>
      <symbol id="sm-23a">
         <name>__TI_int30</name>
         <value>0xfffc</value>
         <object_component_ref idref="oc-4c"/>
      </symbol>
      <symbol id="sm-246">
         <name>__TI_ISR_TRAP</name>
         <value>0x3100</value>
         <object_component_ref idref="oc-55"/>
      </symbol>
      <symbol id="sm-297">
         <name>UCA1ICTL_H</name>
         <value>0x0</value>
      </symbol>
      <symbol id="sm-298">
         <name>UCA1TXBUF</name>
         <value>0x0</value>
      </symbol>
      <symbol id="sm-299">
         <name>UCA1RXBUF</name>
         <value>0x0</value>
      </symbol>
      <symbol id="sm-29a">
         <name>PBSEL_H</name>
         <value>0x0</value>
      </symbol>
      <symbol id="sm-29b">
         <name>UCA1CTLW0_L</name>
         <value>0x0</value>
      </symbol>
      <symbol id="sm-29c">
         <name>UCA1BRW_L</name>
         <value>0x0</value>
      </symbol>
      <symbol id="sm-29d">
         <name>UCA1BRW_H</name>
         <value>0x0</value>
      </symbol>
      <symbol id="sm-29e">
         <name>UCA1MCTL</name>
         <value>0x0</value>
      </symbol>
   </symbol_table>
   <title>Link errors: red sections failed placement</title>
</link_info>
